{
    "nodes": [
        [0.0, 0.0],
        [5.0, 0.0],
        [0.0, 3.5],
        [5.0, 3.5]
    ],
    "fixedNodes": [
        [1, 1, 1, 1],
        [2, 1, 1, 0]
    ],
    "nodalForces": [
        [3, 25.0, 0.0, 17.5]
    ],
    "elementProperties": [
        [0.3e8, 0.0625, 0.00033],
        [0.3e8, 0.0900, 0.00270],
        [0.21e9, 0.00051, 0.000]
    ],
    "frameElements": [
        [1, 1, 3, 1, 0.0, 0.0, -20.0],
        [2, 3, 4, 2, 0.0, 0.0, -35.0],
        [3, 2, 4, 1, 0.0, 0.0,  20.0]
    ],
    "trussElements": [
        [4, 1, 4, 3, 0.0]
    ]  
}